title,company,location,salary,posted_date,job_type,searched_title
"Generalist Data Annotator | Upto $40/hr | Remote
Generalist Data Annotator | Upto $40/hr | Remote",Crossing Hurdles,United States (Remote),$40/hr,,,data analyst
"Senior Content Reviewer | Upto $45/hr Remote
Senior Content Reviewer | Upto $45/hr Remote",Mercor,United States (Remote),$45/hr,2025-09-21,,data analyst
"Remote Data Entry Research Panelist Work From Home
Remote Data Entry Research Panelist Work From Home",Talentify.io,United States (Remote),,2025-10-04,,data analyst
"Data Analyst
Data Analyst",Super Nova Legacy,United States (Remote),$35/hr - $40/hr · Vision benefit,2025-10-04,,data analyst
"Data Analyst
Data Analyst",Consulting Agency Magic,United States (Remote),$35/hr - $40/hr · Vision benefit,2025-10-04,,data analyst
"Data Analyst
Data Analyst",Summit Acceptance Partners,United States (Remote),$35/hr - $40/hr · Vision benefit,2025-10-04,,data analyst
"Data Analyst
Data Analyst",1st Financial Consulting Solutions,United States (Remote),$35/hr - $40/hr · Vision benefit,2025-10-04,,data analyst
"AI Data Annotation Associate | Upto $40/hr | Remote
AI Data Annotation Associate | Upto $40/hr | Remote",Crossing Hurdles,United States (Remote),$40/hr,,,data analyst
"Content Specialist | Upto $45/hr Remote
Content Specialist | Upto $45/hr Remote",Mercor,United States (Remote),$45/hr,2025-09-21,,data analyst
"Virtual Data Analyst / Entry Level (Remote)
Virtual Data Analyst / Entry Level (Remote)",Miguel Raposo Management,United States (Remote),$35/hr - $40/hr · Vision benefit,2025-10-02,,data analyst
"Competitive Intelligence Analyst
Competitive Intelligence Analyst with verification",Cribl,United States (Remote),"$104.6K/yr - $140K/yr · 401(k), +1 benefit",2025-09-17,,data analyst
"Fraud Data Analyst
Fraud Data Analyst with verification",Sunbit,United States (Remote),"Medical, +4 benefits",2025-09-23,,data analyst
"Online Data Analyst (Entry Level, Freelance)
Online Data Analyst (Entry Level, Freelance) with verification",TELUS Digital AI Data Solutions,"Tennessee, United States (Remote)",,2025-09-17,,data analyst
"Data Annotator | $45/hr Remote
Data Annotator | $45/hr Remote",Crossing Hurdles,United States (Remote),$45/hr,,,data analyst
"Data Annotation Specialist - Generalist
Data Annotation Specialist - Generalist",Mercor,United States (Remote),$40/hr,2025-09-17,,data analyst
"Data Analyst
Data Analyst with verification",Insight Global,United States (Remote),$50/hr - $55/hr · 4 benefits,2025-10-02,,data analyst
"Data Analyst
Data Analyst",DataAnnotation,"Michigan, United States (Remote)",$40/hr,2025-10-02,,data analyst
"Online Data Analyst (Entry Level, Freelance)
Online Data Analyst (Entry Level, Freelance) with verification",TELUS Digital AI Data Solutions,"South Dakota, United States (Remote)",,2025-09-17,,data analyst
"Data Analyst
Data Analyst",Fynite Corp.,United States (Remote),,2025-10-03,,data analyst
"Data Annotator for AI models - Indonesian
Data Annotator for AI models - Indonesian with verification",RWS Group,"Dallas, TX (Remote)",$21.50/hr,2025-10-03,,data analyst
"Data Annotator | Upto $40/hr | Remote
Data Annotator | Upto $40/hr | Remote",Crossing Hurdles,United States (Remote),$40/hr,,,data analyst
"Machine Learning Data Associate- Remote, Customer Engagement Technology
Machine Learning Data Associate- Remote, Customer Engagement Technology with verification",Amazon,United States (Remote),$40.4K/yr - $86.5K/yr,2025-09-27,,data analyst
"Content Reviewer
Content Reviewer",Mercor,United States (Remote),$45/hr,2025-09-21,,data analyst
"Online Data Analyst (Entry Level, Freelance)
Online Data Analyst (Entry Level, Freelance) with verification",TELUS Digital AI Data Solutions,"South Carolina, United States (Remote)",,2025-09-17,,data analyst
"Data Analyst
Data Analyst",DataAnnotation,"California, United States (Remote)",$40/hr,2025-10-02,,data analyst
"Virtual Data Analyst Full Time
Virtual Data Analyst Full Time",Synexi Stratiq Dynamics,"California, United States (Remote)",$30/hr - $40/hr · Vision benefit,2025-10-03,,data analyst
"Data Analyst
Data Analyst",Holding Farniroo Company,United States (Remote),$35/hr - $40/hr · Vision benefit,2025-10-03,,data analyst
"Audio Model Trainer - Linguistics | Upto $20/hr Remote
Audio Model Trainer - Linguistics | Upto $20/hr Remote",Mercor,United States (Remote),$20/hr,2025-09-21,,data analyst
"Work At Home Remote Data Entry Research Panelist
Work At Home Remote Data Entry Research Panelist",Talentify.io,United States (Remote),,2025-10-04,,data analyst
"Data Annotator
Data Annotator",OneForma,United States (Remote),$20/hr,2025-09-26,,data analyst
"Virtual Data Analyst Full Time
Virtual Data Analyst Full Time",Rendora Cloud Rendering,"California, United States (Remote)",$30/hr - $40/hr · Vision benefit,2025-10-03,,data analyst
"Data Analyst, Communications & Policy
Data Analyst, Communications & Policy with verification",Stripe,United States (Remote),$146.9K/yr - $220.3K/yr,2025-10-03,,data analyst
"Data Analyst
Data Analyst",DataAnnotation,"Texas, United States (Remote)",$40/hr,2025-10-02,,data analyst
"Research Analyst/Report Writer, Fraud Management (Remote)
Research Analyst/Report Writer, Fraud Management (Remote) with verification",Escalent,United States (Remote),"$80K/yr - $90K/yr · 401(k), Vision",,,analyst
"Data Analyst
Data Analyst",Accent Art Advisory,United States (Remote),$35/hr - $40/hr · Vision benefit,2025-10-04,,analyst
"SEO Analyst (Part Time)
SEO Analyst (Part Time)",Compound Growth Marketing,"Cohasset, MA (Remote)",$50/hr,2025-10-02,,analyst
"Virtual Data Analyst / Entry Level (Remote)
Virtual Data Analyst / Entry Level (Remote)",Synexi Stratiq Dynamics,"California, United States (Remote)",$30/hr - $40/hr · Vision benefit,,,analyst
"QA Analyst
QA Analyst",Wiraa,United States (Remote),"Vision, 401(k), +2 benefits",2025-10-04,,analyst
"Virtual Data Analyst / Entry Level (Remote)
Virtual Data Analyst / Entry Level (Remote)",Logiq AI Performer,"California, United States (Remote)",Vision benefit,2025-10-04,,analyst
"Data Analyst
Data Analyst",Helic & Co.,United States (Remote),9 benefits,2025-10-02,,analyst
"Conversation AI Analyst
Conversation AI Analyst with verification",MethodHub,"Mountain View, CA (Remote)",,2025-10-02,,analyst
"Strategy Research Analyst Senior or Lead
Strategy Research Analyst Senior or Lead with verification",Progressive Insurance,United States (Remote),"$90K/yr - $130K/yr · 401(k), +1 benefit",2025-09-30,,analyst
"Data Analyst (Healthcare Preferred) - Remote
Data Analyst (Healthcare Preferred) - Remote with verification",Lensa,United States (Remote),$78K/yr - $116.8K/yr,2025-10-03,,analyst
"Marketing Analyst/Specialist-III
Marketing Analyst/Specialist-III with verification",Russell Tobin,"San Francisco, CA (Remote)","$55/hr - $60/hr · 401(k), +4 benefits",,,analyst
"Quality Insight and Sentiment Analyst
Quality Insight and Sentiment Analyst with verification",Zillow,United States (Remote),$66.9K/yr - $112.5K/yr,2025-10-03,,analyst
"Data Analyst
Data Analyst",GoodParty.org,United States (Remote),$80K/yr - $100K/yr · 401(k) benefit,2025-10-04,,analyst
"Research And Policy Analyst
Research And Policy Analyst",Mercor,United States (Remote),$20/hr - $35/hr,2025-09-30,,analyst
"Staff Marketing Data Analyst
Staff Marketing Data Analyst with verification",EarnIn,United States (Remote),,2025-10-04,,analyst
"Data Analyst
Data Analyst with verification",Phamily,United States (Remote),"$60/hr - $95/hr · 401(k), +1 benefit",2025-09-27,,analyst
"Social Media Analyst
Social Media Analyst with verification",Advize,United States (Remote),,,,analyst
"Senior Analyst, Content Adversarial Red Team
Senior Analyst, Content Adversarial Red Team with verification",Google,"Austin, TX (On-site)",$132K/yr - $194K/yr,2025-09-26,,analyst
"Data Entry Specialist
Data Entry Specialist",1st Financial Consulting Solutions,United States (Remote),$35/hr - $40/hr · Vision benefit,2025-10-04,,analyst
"Fraud Analyst
Fraud Analyst with verification",Stripe,United States (Remote),$114.5K/yr - $171.8K/yr,2025-09-25,,analyst
"Virtual Data Analyst / Entry Level (Remote)
Virtual Data Analyst / Entry Level (Remote)",Synixs Truon Global,"Florida, United States (Remote)",$35/hr - $40/hr · Vision benefit,2025-10-04,,analyst
"SEO Coordinator – Research, Analytics & AI Search Optimization
SEO Coordinator – Research, Analytics & AI Search Optimization",IDEA EVOLVER,NAMER (Remote),,2025-10-03,,analyst
"Business Analyst
Business Analyst with verification",Centerfield,United States (Remote),$80K/yr - $100K/yr · 401(k) benefit,2025-09-29,,analyst
"Insights Analyst
Insights Analyst with verification",Quid,United States (Remote),$85K/yr - $95K/yr · 401(k) benefit,2025-09-26,,analyst
"Customer Strategy & Insights Analyst
Customer Strategy & Insights Analyst with verification",Google Fiber,United States (Remote),$105.6K/yr - $154.9K/yr,2025-09-29,,analyst
"Business Analyst, Stablecoins
Business Analyst, Stablecoins with verification",Anchorage Digital,United States (Remote),,,,business analyst
"Business Analyst
Business Analyst",Wiraa,United States (Remote),"$70.3K/yr - $105.5K/yr · Vision, +3 benefits",2025-10-04,,business analyst
"Business Analyst - Product Development
Business Analyst - Product Development with verification",CareCentrix,United States (Remote),$55K/yr - $80K/yr · 401(k) benefit,2025-09-19,,business analyst
"CX Business Analyst
CX Business Analyst with verification",Ping Identity,United States (Remote),$85K/yr - $101K/yr,2025-09-29,,business analyst
"Senior Business Analyst
Senior Business Analyst with verification",Aditi Consulting,"Arlington Heights, IL (Remote)","$37.86/hr - $39.28/hr · 401(k), +2 benefits",2025-09-24,,business analyst
"Business Analyst
Business Analyst with verification",Robert Half,"Libertyville, IL (Remote)","$42.75/hr - $49.50/hr · 401(k), +1 benefit",2025-10-02,,business analyst
"Senior/Staff Business Analyst -Multiple Roles (Americas)
Senior/Staff Business Analyst -Multiple Roles (Americas) with verification",Shopify,NAMER (Remote),,,,business analyst
"Business Process Analyst
Business Process Analyst",Wiraa,United States (Remote),4 benefits,2025-10-04,,business analyst
"Business Services Analyst - Remote
Business Services Analyst - Remote with verification",Lensa,United States (Remote),$55K/yr - $65K/yr,2025-10-02,,business analyst
"Senior Business Analyst (Services)
Senior Business Analyst (Services) with verification",Kforce Inc,"Los Angeles, CA (Remote)","$40/hr - $50/hr · Vision, +1 benefit",2025-10-02,,business analyst
"Business Analyst
Business Analyst",Mayo Clinic,"Rochester, MN (Remote)",$78.6K/yr - $110.1K/yr,2025-10-02,,business analyst
"Senior Business Analyst - 100% Remote (REF1695N)
Senior Business Analyst - 100% Remote (REF1695N)",Citizant,"Chantilly, VA (Remote)","$120K/yr - $130K/yr · Vision, 401(k), +2 benefits",2025-08-26,,business analyst
"Business Analyst
Business Analyst with verification",Aquent,"Washington, United States (Remote)",$42/hr - $46/hr,2025-10-03,,business analyst
"Business Analyst / Tester
Business Analyst / Tester with verification",BlueSnap,United States (Remote),8 benefits,,,business analyst
"Junior Business Analyst
Junior Business Analyst",Peyton Resource Group,"Texas, United States (Remote)",3 benefits,2025-09-18,,business analyst
"Business Analyst
Business Analyst with verification",Blue Cross Blue Shield of North Dakota,"Fargo, ND (Remote)","$58.5K/yr - $93.7K/yr · 401(k), +1 benefit",2025-10-03,,business analyst
"Business Analyst
Business Analyst with verification",Blend,"New York, NY (Remote)",,2025-09-11,,business analyst
"Business Analyst-Work From Home
Business Analyst-Work From Home",Thinkbyte Consulting Inc. ( E-Verified ),"Bethlehem, PA (Remote)",,2025-09-17,,business analyst
"Strategy Analyst
Strategy Analyst with verification",Genesys,"California, United States (Remote)","Vision, 401(k)",2025-10-03,,business analyst
"Sr Business Analyst
Sr Business Analyst with verification",Horizontal Talent,"Minneapolis, MN (Remote)",$37/hr - $71/hr,2025-09-26,,business analyst
"Business Analyst
Business Analyst",Makai Labs,United States (Remote),"$100K/yr - $110K/yr · Medical, 401(k)",,,business analyst
"Business Analyst (Payments & Portfolio Analyst)
Business Analyst (Payments & Portfolio Analyst) with verification",Sola,United States (Remote),$100K/yr - $150K/yr,2025-09-24,,business analyst
"Associate, Business Operations and Strategy
Associate, Business Operations and Strategy with verification",Google,"New York, NY (On-site)",$118K/yr - $170K/yr,2025-10-01,,business analyst
"Business/Data Analyst (Remote)
Business/Data Analyst (Remote)",Talentify.io,United States (Remote),$113.9K/yr,2025-10-04,,business analyst
"Business Analyst
Business Analyst",Andrew Morgan,United States (Remote),401(k) benefit,2025-07-14,,business analyst
"Product Owner / Business Analyst
Product Owner / Business Analyst with verification",Mindex,"Rochester, New York Metropolitan Area (Remote)","$70K/yr - $120K/yr · Medical, 401(k), Dental, Vision, +3 benefits",2025-09-22,,business analyst
"Business Analyst I
Business Analyst I with verification",Public Health Institute,United States (Remote),$33.80/hr - $49/hr · Medical benefit,2025-09-13,,business analyst
"Business Analyst
Business Analyst with verification",Aditi Consulting,"California, United States (Remote)","$55/hr - $60/hr · 401(k), +2 benefits",,,business analyst
"Business API Analyst
Business API Analyst with verification",Jiko,New York City Metropolitan Area (Remote),$120K/yr - $140K/yr · 6 benefits,2025-09-25,,business analyst
"Business Analyst
Business Analyst",CORMAC,United States (Remote),,2025-09-30,,business analyst
"Business Analyst
Business Analyst with verification",Pearson,"Austin, TX (Remote)",$105K/yr - $110K/yr,2025-10-04,,business analyst
"Business Analyst
Business Analyst",Zaelab,United States (Remote),"Medical, 401(k)",2025-06-24,,business analyst
"2026 Spring Internship - Junior Business Analyst (Remote)
2026 Spring Internship - Junior Business Analyst (Remote) with verification",HarperCollins Publishers,United States (Remote),$18/hr,2025-09-22,,business analyst
"Business Analyst
Business Analyst",Makai Labs,"New York, NY (Remote)","$100K/yr - $110K/yr · Medical, 401(k)",2025-03-08,,business analyst
"DeFi Market Analyst
DeFi Market Analyst",Chaos Labs,United States (Remote),"$120K/yr - $150K/yr · Medical, +1 benefit",,,financial analyst
"FinTech Product Analyst
FinTech Product Analyst",DataAnnotation,"Michigan, United States (Remote)",$40/hr,2025-10-02,,financial analyst
"Consultant - Research Analyst (Fractional/Contract Role)
Consultant - Research Analyst (Fractional/Contract Role) with verification",Arootah,"New York, NY (Remote)",,2025-09-15,,financial analyst
"Finance Analyst - Fully Remote
Finance Analyst - Fully Remote",Mercor,United States (Remote),$105/hr,2025-09-30,,financial analyst
"Sr. Product Research Analyst (remote)
Sr. Product Research Analyst (remote) with verification",Axelon Services Corporation,United States (Remote),,2025-09-08,,financial analyst
"KYC Analyst
KYC Analyst",Highnote,"San Francisco, CA (Remote)",$65K/yr - $85K/yr · 401(k) benefit,2025-10-01,,financial analyst
"FinTech Product Analyst
FinTech Product Analyst",DataAnnotation,"Texas, United States (Remote)",$40/hr,,,financial analyst
"Due Diligence Investment Analyst for Hedge Fund/Family Office (Fractional/Contract Role)
Due Diligence Investment Analyst for Hedge Fund/Family Office (Fractional/Contract Role) with verification",Arootah,"New York, NY (Remote)",,2025-09-15,,financial analyst
"Investment Banking Summer Analyst | Upto $105/hr Remote
Investment Banking Summer Analyst | Upto $105/hr Remote",Mercor,United States (Remote),$105/hr,2025-09-30,,financial analyst
"Equity & Investment Research Analyst – Remote ($80 –$150/hr)
Equity & Investment Research Analyst – Remote ($80 –$150/hr)",Call For Referral,United States (Remote),$80/hr - $150/hr,2025-10-04,,financial analyst
"Finance Analyst | Upto $120/hr Remote
Finance Analyst | Upto $120/hr Remote",Crossing Hurdles,United States (Remote),$80/hr - $120/hr,2025-10-02,,financial analyst
"Financial Analyst
Financial Analyst",Mercor,United States (Remote),$105/hr,2025-09-30,,financial analyst
"Investment Banking Summer Analyst
Investment Banking Summer Analyst",Mercor,United States (Remote),$130/hr,2025-10-04,,financial analyst
"FinTech Product Analyst
FinTech Product Analyst",DataAnnotation,"Arizona, United States (Remote)",$40/hr,2025-10-02,,financial analyst
"Payments Risk Analyst II
Payments Risk Analyst II with verification",Coinbase,United States (Remote),$135.3K/yr - $159.2K/yr,2025-09-16,,financial analyst
"Investment Banking Analyst | Upto $105/hr Remote
Investment Banking Analyst | Upto $105/hr Remote",Mercor,United States (Remote),$105/hr,2025-09-30,,financial analyst
"Analyst - AML Investigations
Analyst - AML Investigations with verification",Hard Rock Digital,United States (Remote),,2025-10-03,,financial analyst
"Financial Reporting Analyst | Upto $100/hr Remote
Financial Reporting Analyst | Upto $100/hr Remote",Mercor,United States (Remote),$100/hr,2025-10-04,,financial analyst
"Operations Analyst
Operations Analyst","Street Diligence, Inc.",United States (Remote),,2025-09-22,,financial analyst
"DeFi Analyst
DeFi Analyst with verification",CoinTracker,United States (Remote),$112K/yr - $140K/yr,,,financial analyst
"FinTech Product Analyst
FinTech Product Analyst",DataAnnotation,"Ohio, United States (Remote)",$40/hr,2025-10-02,,financial analyst
"Financial Analyst - Fully Remote
Financial Analyst - Fully Remote",Mercor,United States (Remote),$25/hr - $40/hr,2025-09-16,,financial analyst
"Investment Analyst
Investment Analyst",Mercor,United States (Remote),$105/hr,2025-09-30,,financial analyst
"Investment Analyst - Fully Remote
Investment Analyst - Fully Remote",Mercor,United States (Remote),$105/hr,2025-09-30,,financial analyst
"Risk Operations Analyst II - Remote
Risk Operations Analyst II - Remote with verification",PayNearMe,"New York, NY (Remote)","$105K/yr - $120K/yr · 401(k), +1 benefit",2025-09-25,,financial analyst
"Compliance Lead Analyst
Compliance Lead Analyst with verification",Coinbase,United States (Remote),$99.4K/yr - $116.9K/yr,,,financial analyst
"FinTech Product Analyst
FinTech Product Analyst",DataAnnotation,"Maryland, United States (Remote)",$40/hr,2025-10-02,,financial analyst
"Senior Fraud & AML Strategy Analyst
Senior Fraud & AML Strategy Analyst",DataVisor,United States (Remote),,2025-08-21,,financial analyst
"Fraud Review Analyst
Fraud Review Analyst with verification",Radial Inc.,United States (Remote),401(k) benefit,2025-09-30,,financial analyst
"FinTech Operations Analyst
FinTech Operations Analyst with verification",Nexben,United States (Remote),,2025-09-26,,financial analyst
"FinTech Product Analyst
FinTech Product Analyst",DataAnnotation,"Connecticut, United States (Remote)",$40/hr,2025-10-02,,financial analyst
"FinTech Product Analyst
FinTech Product Analyst",DataAnnotation,"Maine, United States (Remote)",$40/hr,2025-10-02,,financial analyst
"Entry Level - Research Data Analyst (Remote) Immediate
Entry Level - Research Data Analyst (Remote) Immediate",A Helping Hand Renovation LLC,United States (Remote),$35/hr - $40/hr · Vision benefit,2025-10-03,,statistician
"Data Research Scientist
Data Research Scientist with verification",McGraw Hill,United States (Remote),$94K/yr - $140K/yr,2025-09-26,,statistician
"Data Science Manager, Analytics
Data Science Manager, Analytics with verification",Meta,United States (Remote),$173K/yr - $242K/yr,2025-09-17,,statistician
"Data Scientist, Product Analytics
Data Scientist, Product Analytics with verification",Meta,United States (Remote),$173K/yr - $242K/yr,2025-10-03,,statistician
"Data Scientist
Data Scientist with verification",Zillow,United States (Remote),$119.6K/yr - $201.1K/yr,2025-10-03,,statistician
"Staff Data Scientist, Inference - Customer Support
Staff Data Scientist, Inference - Customer Support with verification",Airbnb,United States (Remote),$194K/yr - $240K/yr,2025-10-02,,statistician
"Analyst, Customer Insights
Analyst, Customer Insights",Arcadia,United States (Remote),7 benefits,2025-09-26,,statistician
"R&D Data Analyst - IntelliScript (Remote)
R&D Data Analyst - IntelliScript (Remote) with verification",Milliman,"Brookfield, WI (Remote)",$59.2K/yr - $113.8K/yr,2025-09-24,,statistician
"Senior Data Analyst
Senior Data Analyst with verification",Microsoft,United States (Remote),$106.4K/yr - $222.6K/yr,2025-09-27,,statistician
"Data Analyst, Consultant-(REMOTE)
Data Analyst, Consultant-(REMOTE)",Talentify.io,United States (Remote),$75K/yr - $95K/yr,2025-10-04,,statistician
"Data Analyst for Technical Operations
Data Analyst for Technical Operations",Featherstone Sourcing,United States (Remote),$85K/yr - $105K/yr · 3 benefits,2025-10-01,,statistician
"Online Data Analyst - Fully Remote Position
Online Data Analyst - Fully Remote Position with verification",TELUS Digital AI Data Solutions,"Hawthorne, NV (Remote)",,,,statistician
"Data Scientist, Research, YouTube Gaming Discovery
Data Scientist, Research, YouTube Gaming Discovery with verification",Google,"San Bruno, CA (On-site)",$141K/yr - $202K/yr,2025-10-04,,statistician
"Data Scientist
Data Scientist with verification",Raptive,United States (Remote),$100K/yr - $150K/yr · 7 benefits,2025-10-03,,statistician
"Senior Data Scientist, Innovation Lab - Remote
Senior Data Scientist, Innovation Lab - Remote with verification",Experian,United States (Remote),$153.1K/yr - $275.5K/yr · 401(k) benefit,2025-09-25,,statistician
"Data and Reporting Analyst Assoc- REMOTE
Data and Reporting Analyst Assoc- REMOTE",Talentify.io,United States (Remote),$23.08/hr - $37.02/hr,2025-10-04,,statistician
"Data Scientist
Data Scientist",Wiraa,United States (Remote),"$180K/yr - $258K/yr · Vision, 401(k), +2 benefits",2025-10-04,,statistician
"Analytic Science, Scientist II
Analytic Science, Scientist II with verification",FICO,United States (Remote),$98K/yr - $154K/yr,2025-09-18,,statistician
"Online Data Analyst - Fully Remote Position
Online Data Analyst - Fully Remote Position with verification",TELUS Digital AI Data Solutions,"Morgantown, WV (Remote)",,,,statistician
"Data Scientist - Junior
Data Scientist - Junior",Jobs via Dice,"Washington, DC (Remote)",,2025-10-03,,statistician
"Data Scientist (L5) - Ads Experimentation
Data Scientist (L5) - Ads Experimentation with verification",Netflix,United States (Remote),$170K/yr - $720K/yr · 401(k) benefit,2025-09-20,,statistician
"Biostatistician - All Levels to Director
Biostatistician - All Levels to Director",Penfield Search Partners,United States (Remote),,2025-09-28,,statistician
"Data Analyst
Data Analyst",DataAnnotation,"New Jersey, United States (Remote)",$40/hr,2025-10-02,,statistician
"Data Analyst
Data Analyst",Miguel Raposo Management,United States (Remote),$35/hr - $40/hr · Vision benefit,2025-10-03,,statistician
"Statistician III
Statistician III","Taku Health Services, LLC",United States (Remote),"401(k), Vision",2025-09-13,,statistician
"Protective Intelligence & Threat Analyst
Protective Intelligence & Threat Analyst with verification",OpenAI,United States (Remote),,2025-10-01,,information analyst
"Online Data Analyst (Entry Level, Freelance)
Online Data Analyst (Entry Level, Freelance) with verification",TELUS Digital AI Data Solutions,"Texas, United States (Remote)",,2025-09-17,,information analyst
"Cyber Intelligence Analyst - REMOTE
Cyber Intelligence Analyst - REMOTE with verification",UPS,"Mahwah, NJ (Remote)",$84.9K/yr - $157.3K/yr · 401(k) benefit,2025-10-04,,information analyst
"Senior Data Analyst
Senior Data Analyst with verification",Galileo ,United States (Remote),"$150K/yr - $160K/yr · Vision, 401(k)",2025-10-03,,information analyst
"Data Analyst
Data Analyst with verification",Brooksource,United States (Remote),$25/hr · 3 benefits,2025-09-29,,information analyst
"Senior Data Analyst
Senior Data Analyst with verification",Button,United States (Remote),"$140K/yr - $182K/yr · 401(k), Dental",2025-09-30,,information analyst
"Sr. Data Analyst, Marketing
Sr. Data Analyst, Marketing with verification",Vimeo,"New York, NY (Remote)","401(k), +1 benefit",2025-09-30,,information analyst
"Online Data Analyst - Fully Remote Position
Online Data Analyst - Fully Remote Position with verification",TELUS Digital AI Data Solutions,"Bethlehem, PA (Remote)",,2025-09-05,,information analyst
"Data Analyst
Data Analyst",DataAnnotation,"North Carolina, United States (Remote)",$40/hr,2025-10-02,,information analyst
"Senior Data Analyst, Client Reporting
Senior Data Analyst, Client Reporting with verification",Hello Heart,United States (Remote),$130K/yr - $160K/yr,2025-09-18,,information analyst
"Lead Data Analyst, Operations, Quality
Lead Data Analyst, Operations, Quality",Swooped,United States (Remote),$150K/yr - $190K/yr · 401(k) benefit,2025-10-04,,information analyst
"Online Data Analyst - Fully Remote Position
Online Data Analyst - Fully Remote Position with verification",TELUS Digital AI Data Solutions,"Silver City, NV (Remote)",,2025-10-03,,information analyst
"Data Analyst
Data Analyst",Facebook,United States (Remote),$40/hr - $55/hr + Overtime · 4 benefits,2025-09-23,,information analyst
"Senior Data Analyst
Senior Data Analyst with verification",Life360,United States (Remote),"$108.5K/yr - $159.5K/yr · 401(k), +1 benefit",2025-09-16,,information analyst
"Research & Insights Associate
Research & Insights Associate",Basis Technologies,United States (Remote),$56.4K/yr - $77.8K/yr · 401(k) benefit,2025-10-03,,information analyst
"Senior Data Analyst, Client Analytics
Senior Data Analyst, Client Analytics with verification",Omada Health,United States (Remote),"$136.4K/yr - $178.3K/yr · Vision, 401(k)",2025-10-01,,information analyst
"Online Data Analyst - Fully Remote Position
Online Data Analyst - Fully Remote Position with verification",TELUS Digital AI Data Solutions,"Martinsburg, WV (Remote)",,,,information analyst
"Contract Global Intelligence Analyst (Sunday-Wednesday 2p-12a CST) Remote
Contract Global Intelligence Analyst (Sunday-Wednesday 2p-12a CST) Remote with verification",AlertMedia,"Austin, Texas Metropolitan Area (Remote)",,2025-10-03,,information analyst
"Data Analyst, Trust and Safety, Ads
Data Analyst, Trust and Safety, Ads with verification",Google,"Kirkland, WA (On-site)",$110K/yr - $157K/yr,2025-10-03,,information analyst
"Data Analyst
Data Analyst",DataAnnotation,"Nevada, United States (Remote)",$40/hr,2025-10-02,,information analyst
"Operations Associate
Operations Associate with verification",TheGuarantors,United States (Remote),"$95K/yr - $110K/yr · Vision, 401(k)",2025-09-23,,information analyst
"Part-Time Information Analyst I - School of Medicine, Biomedical Informatics
Part-Time Information Analyst I - School of Medicine, Biomedical Informatics with verification",Emory University,"Atlanta, GA (Remote)",,2025-10-03,,information analyst
